run_id,pattern_id,agent_id,agent_name,dept,dept_id,proposal_text
75,3,6,Yamamoto,Modern Setting Game Planning,0,"Title: Urban Echoes
Concept: Where every street has a memory, and every corner hides a secret.
Website Product Description:
Dive into a sprawling modern metropolis in Urban Echoes, a game where the city itself becomes a vibrant, living character, rich with untold stories and hidden histories. From the dazzling lights of downtown to the quiet charm of residential alleys, every single corner holds a secret waiting for your discovery. You'll navigate a beautifully rendered urban landscape, connecting with a diverse cast of characters whose lives intertwine in fascinating and unexpected ways. Your adventure isn't about epic battles; it's about sharp observation, thoughtful choices, and the profound power of human empathy.

Piece together fragmented clues, decipher whispers from the past, and solve compelling mysteries that challenge your perception of the ordinary. Discover the forgotten events that leave lasting echoes, shaping the very soul of the city and its people. Every decision you make and every connection you forge will ripple through this intricate world, revealing deeper narratives and impacting the destinies of its inhabitants. Urban Echoes offers an immersive, narrative-rich experience that celebrates the hidden depths of everyday life. Prepare to listen closely, uncover the extraordinary heart of your city, and see the familiar world anew."
75,3,13,Yamaguchi,Science Fiction Game Planning,1,"Title: Echoes of the Void
Concept: Where every life lived builds the future.
Website Product Description: Embark on an extraordinary interstellar odyssey in ""Echoes of the Void,"" a unique science fiction life simulation where humanity's survival rests in your hands—across generations. You are part of a brave lineage aboard a colossal generation ship, journeying through the stars towards a new home. Every decision you make, every life you build, and every relationship you forge will ripple through centuries, directly shaping the challenges, opportunities, and very identity of future generations. Unravel the ancient mystery of the ""Resonant Core,"" a profound puzzle that demands the collective wisdom and effort of an entire civilization, passed down through time. Witness the impact of ancestral choices, build skills based on your family's legacy, and guide your people through triumphs and struggles. This is more than a game; it's a profound journey of legacy, emotional connection, and destiny, inviting you to invest in a story that transcends a single lifetime."
